Link,
https://www.gov.uk/government/news/ofqual-report-to-parliament
https://www.gov.uk/government/news/queens-birthday-honours-2014-education-and-childrens-services
https://www.gov.uk/government/speeches/michael-gove-at-the-national-college-annual-conference
https://www.gov.uk/government/speeches/michael-gove-to-westminster-academy
https://www.gov.uk/government/speeches/nick-gibb-the-fruits-of-autonomy
https://www.gov.uk/government/speeches/nick-gibb-to-the-association-of-teachers-and-lecturers-2011-conference
https://www.gov.uk/government/speeches/nicky-morgan-discusses-the-future-of-education-in-england
https://www.gov.uk/government/news/department-for-education-spending-review
https://www.gov.uk/government/news/new-year-honours-list-2015-education-and-childrens-services
https://www.gov.uk/government/news/queens-birthday-honours-2015-education-and-childrens-services
https://www.gov.uk/government/speeches/michael-gove-speaks-about-the-importance-of-teaching
https://www.gov.uk/government/speeches/michael-gove-to-the-local-government-association
https://www.gov.uk/government/speeches/nick-gibb-at-the-voice-conference
https://www.gov.uk/government/news/education-bill-receives-royal-assent
https://www.gov.uk/government/news/queens-birthday-honours-recipients-announced
https://www.gov.uk/government/speeches/charlie-taylor-talks-about-developing-the-birth-to-18-system
https://www.gov.uk/government/speeches/education-secretary-michael-goves-speech-to-brighton-college
https://www.gov.uk/government/speeches/michael-gove-an-education-system-which-works-for-every-child
https://www.gov.uk/government/speeches/michael-gove-to-the-national-conference-of-directors-of-childrens-and-adult-services
https://www.gov.uk/government/speeches/nick-cleggs-speech-on-education-and-outstanding-leaders
https://www.gov.uk/government/speeches/nick-gibb-speaks-at-the-centre-for-social-justice
https://www.gov.uk/government/speeches/education-secretary-michael-goves-speech-to-ascl
https://www.gov.uk/government/news/setting-research-priorities-in-education-and-childrens-services
https://www.gov.uk/government/speeches/michael-gove-to-the-durand-academy
https://www.gov.uk/government/speeches/the-importance-of-storytelling
https://www.gov.uk/government/organisations/department-for-education/about/complaints-procedure
https://www.gov.uk/government/organisations/department-for-education/about
https://www.gov.uk/government/publications/department-for-education-annual-report-and-accounts-financial-year-2010-to-2011
https://www.gov.uk/government/organisations/department-for-education/about/statistics
https://www.gov.uk/government/news/the-school-revolution-how-reforms-are-transforming-schools
https://www.gov.uk/government/speeches/elizabeth-truss-speaks-about-how-schools-can-support-parents
https://www.gov.uk/government/speeches/the-civil-rights-struggle-of-our-time
https://www.gov.uk/government/news/the-department-for-educations-response-to-public-comments-on-the-coalition-agreement-on-schools
https://www.gov.uk/government/speeches/the-importance-of-teaching
https://www.gov.uk/government/speeches/michael-gove-on-the-moral-purpose-of-school-reform
https://www.gov.uk/government/speeches/nick-gibbs-speech-to-reform-aqa-conference
https://www.gov.uk/government/speeches/michael-gove-on-fasnas-first-twenty-years
https://www.gov.uk/government/news/gove-to-the-national-college-we-have-to-make-opportunity-more-equal
https://www.gov.uk/government/speeches/what-is-a-good-education-in-the-21st-century
https://www.gov.uk/government/collections/departmental-advice-schools
https://www.gov.uk/government/collections/statutory-guidance-schools
https://www.gov.uk/government/news/new-video-published-on-changes-to-2016-tests-and-assessments
https://www.gov.uk/government/news/education-reform-a-world-class-curriculum-to-drive-up-standards-and-fuel-aspiration
https://www.gov.uk/government/news/national-curriculum-review-launched
https://www.gov.uk/government/speeches/assessment-after-levels
https://www.gov.uk/government/speeches/nick-gibb-speech-on-governments-maths-reforms
https://www.gov.uk/government/speeches/michael-gove-speech-at-the-bett-show-2012
https://www.gov.uk/government/news/members-of-new-commission-on-assessment-without-levels-announced
https://www.gov.uk/government/news/michael-gove-responds-to-the-daily-telegraph-investigation
https://www.gov.uk/government/news/new-curriculum-will-make-education-system-envy-of-the-world
https://www.gov.uk/government/speeches/education-minister-elizabeth-truss-speaks-at-the-north-of-england-education-conference
https://www.gov.uk/government/speeches/elizabeth-truss-on-increasing-the-number-of-pupils-studying-mandarin
https://www.gov.uk/government/speeches/elizabeth-truss-speaks-about-curriculum-reform
https://www.gov.uk/government/speeches/nick-gibb-speaks-at-the-music-education-expo
https://www.gov.uk/government/organisations/qualifications-and-curriculum-authority
https://www.gov.uk/government/organisations/sutherland-inquiry
https://www.gov.uk/government/speeches/michael-gove-speaks-to-the-royal-society-on-maths-and-science
https://www.gov.uk/government/publications/statement-on-national-curriculum-tests
https://www.gov.uk/government/publications/the-sutherland-inquiry-an-independent-inquiry-into-the-delivery-of-national-curriculum-tests-in-2008
https://www.gov.uk/government/publications/what-is-the-research-evidence-on-writing
https://www.gov.uk/government/publications/assessment-principles-school-curriculum
https://www.gov.uk/government/publications/art-craft-and-design-education-making-a-mark
https://www.gov.uk/government/publications/commission-on-assessment-without-levels-government-response
https://www.gov.uk/government/publications/commission-on-assessment-without-levels-final-report
https://www.gov.uk/government/publications/disapplying-aspects-of-the-national-curriculum
https://www.gov.uk/government/publications/assessment-curriculum-and-qualifications-research-priorities-and-questions
https://www.gov.uk/government/publications/request-about-the-national-curriculum-review
https://www.gov.uk/government/publications/assessment-reliability-an-introduction
https://www.gov.uk/government/collections/national-curriculum
https://www.gov.uk/guidance/2016-key-stage-1-assessment-and-reporting-arrangements-ara/section-9-reporting-to-parents
https://www.gov.uk/guidance/2016-key-stage-1-assessment-and-reporting-arrangements-ara/section-4-2016-national-curriculum-tests
https://www.gov.uk/guidance/2016-key-stage-1-assessment-and-reporting-arrangements-ara/section-10-keeping-and-maintaining-records
https://www.gov.uk/guidance/2016-key-stage-2-assessment-and-reporting-arrangements-ara/section-8-science-sampling
https://www.gov.uk/guidance/2016-key-stage-2-assessment-and-reporting-arrangements-ara/section-10-test-results
https://www.gov.uk/guidance/2016-key-stage-2-assessment-and-reporting-arrangements-ara/section-12-keeping-and-maintaining-records
https://www.gov.uk/guidance/2016-key-stage-2-assessment-and-reporting-arrangements-ara/section-1-introduction
https://www.gov.uk/guidance/2016-key-stage-1-assessment-and-reporting-arrangements-ara/section-1-introduction
https://www.gov.uk/government/news/sample-test-material-for-2016-national-curriculum-tests-published
https://www.gov.uk/government/news/register-now-for-primary-assessment-webinars
https://www.gov.uk/government/speeches/nicky-morgan-improving-child-literacy-in-england
https://www.gov.uk/guidance/2016-key-stage-1-assessment-and-reporting-arrangements-ara/section-6-test-administration
https://www.gov.uk/guidance/2016-key-stage-1-assessment-and-reporting-arrangements-ara/section-7-phonics-screening-check
https://www.gov.uk/government/consultations/performance-descriptors-key-stages-1-and-2
https://www.gov.uk/government/news/90000-more-pupils-leaving-primary-with-maths-and-literacy-skills
https://www.gov.uk/government/news/assessment-without-levels-commission-announced
https://www.gov.uk/government/news/nicky-morgan-and-david-walliams-launch-literacy-drive
https://www.gov.uk/government/news/harmful-ict-curriculum-set-to-be-dropped-to-make-way-for-rigorous-computer-science
https://www.gov.uk/government/news/key-stage-2-results
https://www.gov.uk/government/news/key-stage-2-test-results-published--2
https://www.gov.uk/government/news/nick-gibb-congratulates-teachers-and-pupils-on-their-hard-work-in-key-stage-1
https://www.gov.uk/government/news/primary-schools-test-results-released--2
https://www.gov.uk/government/news/use-of-calculators-in-primary-schools-to-be-reviewed
https://www.gov.uk/guidance/2016-key-stage-2-assessment-and-reporting-arrangements-ara/section-4-2016-national-curriulum-tests
https://www.gov.uk/guidance/2016-key-stage-2-assessment-and-reporting-arrangements-ara/section-9-teacher-assessment
https://www.gov.uk/guidance/2016-key-stage-2-assessment-and-reporting-arrangements-ara/section-6-test-administration
https://www.gov.uk/guidance/2016-key-stage-2-assessment-and-reporting-arrangements-ara/section-3-key-dates
https://www.gov.uk/guidance/2016-key-stage-2-assessment-and-reporting-arrangements-ara/section-7-monitoring-the-tests
https://www.gov.uk/guidance/2016-key-stage-2-assessment-and-reporting-arrangements-ara/section-11-reporting-to-parents
https://www.gov.uk/government/news/government-response-to-lord-bew-key-stage-2-review-published
https://www.gov.uk/government/news/key-stage-2-pupil-achievement-figures
https://www.gov.uk/government/news/key-stage-2-test-results-published
https://www.gov.uk/government/news/new-primary-curriculum-to-bring-higher-standards-in-english-maths-and-science
https://www.gov.uk/government/news/new-primary-school-tests-will-help-eradicate-illiteracy-and-innumeracy
https://www.gov.uk/government/news/overwhelming-support-for-foreign-languages-plan
https://www.gov.uk/government/news/primary-test-results-standards-rising-in-all-subjects
https://www.gov.uk/government/news/primary-testing-and-assessment-webinar-registration-still-open
https://www.gov.uk/government/news/elite-teachers-travel-from-shanghai-for-pioneering-maths-exchange
https://www.gov.uk/government/news/key-stage-2-achievement-statistics-published
https://www.gov.uk/government/news/key-stage-2-science-sample-test-results-published
https://www.gov.uk/government/news/key-stage-2-test-results-released
https://www.gov.uk/government/news/michael-gove-announces-review-of-key-stage-2-testing
https://www.gov.uk/government/news/second-phase-of-pioneering-shanghai-maths-teacher-exchange-begins
https://www.gov.uk/government/news/statement-from-schools-minister-nick-gibb-on-ofquals-monitoring-report-of-the-2009-key-stage-2-tests
https://www.gov.uk/government/news/teaching-the-new-computing-curriculum
https://www.gov.uk/government/speeches/elizabeth-truss-calls-for-a-renaissance-in-maths
https://www.gov.uk/guidance/2016-key-stage-1-assessment-and-reporting-arrangements-ara/section-8-teacher-assessment
https://www.gov.uk/guidance/2016-key-stage-1-assessment-and-reporting-arrangements-ara/section-2-key-changes
https://www.gov.uk/guidance/2016-key-stage-1-assessment-and-reporting-arrangements-ara/section-3-key-dates
https://www.gov.uk/guidance/2016-key-stage-1-assessment-and-reporting-arrangements-ara/section-5-participation-in-tests
https://www.gov.uk/guidance/2016-key-stage-1-assessment-and-reporting-arrangements-ara/section-11-legal-requirements-and-responsibilities
https://www.gov.uk/guidance/2016-key-stage-2-assessment-and-reporting-arrangements-ara/section-2-key-changes
https://www.gov.uk/guidance/2016-key-stage-2-assessment-and-reporting-arrangements-ara
https://www.gov.uk/guidance/2016-key-stage-2-assessment-and-reporting-arrangements-ara/section-5-participation-in-the-tests
https://www.gov.uk/guidance/2016-key-stage-2-assessment-and-reporting-arrangements-ara/section-13-legal-requirements-and-responsibilities
https://www.gov.uk/government/consultations/new-national-curriculum-primary-assessment-and-accountability
https://www.gov.uk/government/news/primary-schools-test-results-released
https://www.gov.uk/government/news/introduction-of-a-new-methodology-for-measuring-attainment-in-key-stage-2-science-sampling
https://www.gov.uk/guidance/2016-key-stage-1-assessment-and-reporting-arrangements-ara
https://www.gov.uk/government/news/thousands-of-pupils-to-visit-first-world-war-battlefields
https://www.gov.uk/government/news/2016-national-curriculum-tests-sample-materials-now-available
https://www.gov.uk/government/publications/key-stage-2-2016-national-curriculum-assessments-wall-chart
https://www.gov.uk/government/news/nca-tools-test-orders-section-is-open
https://www.gov.uk/government/news/ofsted-chief-inspector-calls-for-rapid-improvement-in-literacy
https://www.gov.uk/government/news/ofsted-updates-school-data-dashboard-with-2013-results
https://www.gov.uk/government/news/nca-tools-test-orders-section-closes-this-friday
https://www.gov.uk/government/news/assessment-updates-for-schools
https://www.gov.uk/government/news/clarification-key-stage-1-and-2-teacher-assessment-and-moderation-guidance
https://www.gov.uk/government/news/statement-from-sta-about-key-stage-1-tests
https://www.gov.uk/government/news/key-stage-2-english-grammar-punctuation-and-spelling-test
https://www.gov.uk/government/speeches/oral-statement-on-key-stage-2-tests
https://www.gov.uk/guidance/key-stage-1-tests-standard-setting
https://www.gov.uk/guidance/key-stage-2-tests-how-to-become-a-marker
https://www.gov.uk/guidance/key-stage-1-assessments
https://www.gov.uk/guidance/key-stage-2-tests-what-to-do-if-a-child-cheats
https://www.gov.uk/guidance/key-stage-2-tests-how-to-administer-the-tests
https://www.gov.uk/guidance/key-stage-2-tests-how-to-apply-for-a-timetable-variation
https://www.gov.uk/guidance/key-stage-2-tests-how-to-apply-for-special-consideration
https://www.gov.uk/guidance/key-stage-2-tests-how-to-use-access-arrangements
https://www.gov.uk/guidance/key-stage-1-and-2-school-visits-following-an-allegation-of-maladministration
https://www.gov.uk/guidance/key-stage-2-tests-guide-to-registering-pupils-for-the-tests
https://www.gov.uk/guidance/key-stage-2-tests-headteachers-responsibilities
https://www.gov.uk/guidance/key-stage-2-tests-guide-to-dealing-with-issues-during-the-tests
https://www.gov.uk/guidance/key-stage-2-tests-guidance-for-test-administrators
https://www.gov.uk/guidance/key-stage-2-tests-how-to-carry-out-a-monitoring-visit
https://www.gov.uk/guidance/national-curriculum-assessments-reporting-maladministration
https://www.gov.uk/guidance/key-stage-2-tests-administering-braille-versions
https://www.gov.uk/guidance/key-stage-2-tests-administering-modified-large-print-versions
https://www.gov.uk/guidance/key-stage-2-tests-testing-pupils-who-have-a-hearing-impairment
https://www.gov.uk/guidance/key-stage-2-tests-planning-to-use-the-modified-tests
https://www.gov.uk/guidance/scaled-scores
https://www.gov.uk/guidance/introduction-of-statutory-participation-in-trialling-of-national-curriculum-tests-from-2016
https://www.gov.uk/guidance/early-administration-of-national-curriculum-key-stage-1-tests-for-standard-setting
https://www.gov.uk/guidance/key-stage-1-tests-how-to-use-access-arrangements
https://www.gov.uk/guidance/key-stage-1-codes-for-reporting-teacher-assessment-in-2016
https://www.gov.uk/guidance/scaled-scores-at-key-stage-1
https://www.gov.uk/guidance/key-stage-2-tests-applying-special-consideration-to-results
https://www.gov.uk/guidance/scaled-scores-at-key-stage-2
https://www.gov.uk/guidance/key-stage-1-and-key-stage-2-test-dates
https://www.gov.uk/guidance/awarding-organisations-understanding-our-regulatory-requirements
https://www.gov.uk/guidance/key-stage-2-tests-how-to-access-results-and-test-scripts
https://www.gov.uk/guidance/key-stage-2-tests-how-to-apply-for-a-review-of-key-stage-2-results
https://www.gov.uk/government/publications/key-stage-2-career-related-learning-pathfinder-evaluation
https://www.gov.uk/government/publications/an-investigation-of-key-stage-2-access-arrangements-procedures
https://www.gov.uk/government/publications/investigation-of-key-stage-2-level-6-tests
https://www.gov.uk/government/publications/key-stage-2-writing-moderation-evaluation-of-the-20112012-interim-arrangements
https://www.gov.uk/government/publications/2012-maladministration-investigation-procedures
https://www.gov.uk/government/publications/2012-maladministration-report
https://www.gov.uk/government/publications/key-stage-2-english-grammar-punctuation-and-spelling-test-information-for-parents
https://www.gov.uk/government/publications/key-stage-1-assessments-collection-2012-technical-specification
https://www.gov.uk/government/publications/key-stage-1-assessments-collection-2013-technical-specification
https://www.gov.uk/government/publications/key-stage-2-teacher-assessment-data-collection-2014-technical-specification
https://www.gov.uk/government/publications/evaluation-of-every-child-a-reader-ecar
https://www.gov.uk/government/publications/how-do-pupils-progress-during-key-stages-2-and-3
https://www.gov.uk/government/publications/research-evidence-on-reading-for-pleasure
https://www.gov.uk/government/publications/pirls-2011-reading-achievement-in-england-brief
https://www.gov.uk/government/publications/key-stage-2-tests-test-administrators-guide
https://www.gov.uk/government/publications/key-stage-1-assessments-specification-for-the-2014-data-return
https://www.gov.uk/government/publications/national-curriculum-video-interviews-for-schools
https://www.gov.uk/government/publications/department-for-education-independent-review-of-key-stage-2-testing-assessment-and-accountability-july-2011
https://www.gov.uk/government/publications/review-of-key-stage-2-testing-assessment-and-accountability-progress-report
https://www.gov.uk/government/publications/2016-key-stage-2-science-sampling-test-sample-questions-mark-scheme-and-commentary
https://www.gov.uk/government/publications/key-stage-2-attainment-for-children-recorded-as-adopted-from-care
https://www.gov.uk/government/publications/closing-the-gap-with-the-new-primary-national-curriculum
https://www.gov.uk/government/publications/independent-review-of-key-stage-2-testing-assessment-and-accountability-final-report
https://www.gov.uk/government/publications/national-curriculum-and-assessment-information-for-schools
https://www.gov.uk/government/publications/group-performance-in-the-key-stage-2-science-tests-2010-and-2011
https://www.gov.uk/government/publications/2013-maladministration-report
https://www.gov.uk/government/publications/getting-them-reading-early
https://www.gov.uk/government/publications/key-stage-2-english-grammar-punctuation-and-spelling-test-framework-document-2013-to-2015
https://www.gov.uk/government/publications/key-stage-2-tests-modified-test-administrators-guides
https://www.gov.uk/government/publications/music-in-schools-sound-partnerships-eight-effective-music-education-partnerships
https://www.gov.uk/government/publications/key-stage-2-tests-notes-for-teachers-on-how-the-english-grammar-punctuation-and-spelling-test-is-marked
https://www.gov.uk/government/publications/a-whole-school-approach-to-art-craft-and-design
https://www.gov.uk/government/publications/using-modern-technology-to-improve-english
https://www.gov.uk/government/publications/helping-pupils-excel-at-and-enjoy-mathematics
https://www.gov.uk/government/publications/developing-a-relevant-curriculum
https://www.gov.uk/government/publications/languages-at-the-heart-of-the-curriculum
https://www.gov.uk/government/publications/loosen-up-to-become-outstanding-in-mathematics
https://www.gov.uk/government/publications/improving-science-with-the-lab-13-project
https://www.gov.uk/government/publications/reading-supporting-higher-standards-in-schools
https://www.gov.uk/government/publications/good-practice-in-primary-mathematics-evidence-from-successful-schools
https://www.gov.uk/government/publications/meeting-technological-challenges-school-design-and-technology-provision
https://www.gov.uk/government/publications/removing-barriers-to-literacy
https://www.gov.uk/government/publications/modern-languages-achievement-and-challenge-2007-to-2010
https://www.gov.uk/government/publications/key-stage-2-teacher-assessment-data-collection-2015-technical-specification
https://www.gov.uk/government/publications/key-stage-2-tests-level-6-test-pack-instructions
https://www.gov.uk/government/publications/key-stage-2-levels-3-5-test-pack-instructions
https://www.gov.uk/government/publications/the-importance-of-music-a-national-plan-for-music-education
https://www.gov.uk/government/publications/english-grammar-punctuation-and-spelling-2013-technical-report
https://www.gov.uk/government/publications/key-stage-1-assessments-collection-2015-guide
https://www.gov.uk/government/publications/ks1-assessments-data-collection-2015-technical-specification
https://www.gov.uk/government/publications/key-stage-1-assessments-collection-2014-guide
https://www.gov.uk/government/publications/key-stage-1-data-return-2015-collect-guide
https://www.gov.uk/government/publications/geography-learning-to-make-a-world-of-difference
https://www.gov.uk/government/publications/key-stage-2-science-sampling-test-framework
https://www.gov.uk/government/publications/key-stage-1-english-reading-test-framework
https://www.gov.uk/government/publications/key-stage-1-mathematics-test-framework
https://www.gov.uk/government/publications/2016-key-stage-2-mathematics-sample-test-materials-mark-schemes-and-test-administration-instructions
https://www.gov.uk/government/publications/2016-key-stage-2-english-reading-sample-test-materials-mark-scheme-and-test-administration-instructions
https://www.gov.uk/government/publications/2016-key-stage-1-english-reading-sample-test-materials-mark-scheme-and-test-administration-instructions
https://www.gov.uk/government/publications/using-the-physical-environment-as-a-tool-for-teaching
https://www.gov.uk/government/publications/2016-key-stage-1-english-grammar-punctuation-and-spelling-test-sample-questions-mark-scheme-and-commentary
https://www.gov.uk/government/publications/2016-key-stage-1-mathematics-test-sample-questions-mark-scheme-and-commentary
https://www.gov.uk/government/publications/2016-key-stage-1-english-reading-test-sample-questions-mark-scheme-and-commentary
https://www.gov.uk/government/publications/2016-key-stage-2-mathematics-test-sample-questions-mark-scheme-and-commentary
https://www.gov.uk/government/publications/key-stage-2-mathematics-test-framework
https://www.gov.uk/government/publications/2016-key-stage-2-english-reading-test-sample-questions-mark-scheme-and-commentary
https://www.gov.uk/government/publications/2016-key-stage-2-english-grammar-punctuation-and-spelling-test-sample-questions-mark-scheme-and-commentary
https://www.gov.uk/government/publications/key-stage-2-english-reading-test-framework
https://www.gov.uk/government/publications/2016-key-stage-2-english-grammar-punctuation-and-spelling-sample-test-materials-mark-scheme-and-test-administration-instructions
https://www.gov.uk/government/publications/key-stage-1-assessments-collection-2013-guide
https://www.gov.uk/government/publications/ready-to-read-how-a-sample-of-primary-schools-in-stoke-on-trent-teach-pupils-to-read
https://www.gov.uk/government/publications/national-curriculum-in-england-primary-curriculum
https://www.gov.uk/government/publications/factors-associated-with-achievement-key-stages-2-and-4
https://www.gov.uk/government/publications/making-connections-a-holistic-approach-to-pupil-assessment
https://www.gov.uk/government/publications/english-programmes-of-study-for-key-stage-1-and-2-until-july-2015
https://www.gov.uk/government/publications/science-programmes-of-study-for-key-stage-1-and-2-until-july-2015
https://www.gov.uk/government/publications/maths-programmes-of-study-for-key-stage-1-and-2-until-july-2015
https://www.gov.uk/government/publications/food-teaching-in-primary-schools-knowledge-and-skills-framework
https://www.gov.uk/government/publications/2014-maladministration-report
https://www.gov.uk/government/publications/an-innovative-approach-to-personalised-learning
https://www.gov.uk/government/publications/2016-key-stage-2-english-grammar-punctuation-and-spelling-sample-modified-test-administration-instructions
https://www.gov.uk/government/publications/2016-key-stage-1-mathematics-sample-modified-test-administration-instructions
https://www.gov.uk/government/publications/2016-key-stage-1-english-reading-sample-modified-test-administration-instructions
https://www.gov.uk/government/publications/2016-key-stage-2-mathematics-sample-modified-test-administration-instructions
https://www.gov.uk/government/publications/key-stage-2-science-sampling-2014-methodological-note-and-outcomes
https://www.gov.uk/government/publications/rochford-review-interim-recommendations
https://www.gov.uk/government/publications/2016-key-stage-1-mathematics-sample-test-materials-mark-schemes-and-test-administration-instructions
https://www.gov.uk/government/publications/teaching-creative-writing-a-workshop-approach
https://www.gov.uk/government/publications/improving-teaching-and-learning-using-the-outdoor-environment-at-preesall-fleetwoods-charity-church-of-england-primary
https://www.gov.uk/government/publications/new-arrivals-learning-english-as-an-additional-language
https://www.gov.uk/government/publications/using-effective-lifelong-learning-inventory-to-help-young-children-learn
https://www.gov.uk/government/publications/using-art-craft-and-design-to-improve-self-confidence-and-creativity-in-primary-school
https://www.gov.uk/government/publications/helping-children-become-independent-learners-and-confident-writers
https://www.gov.uk/government/publications/raising-learning-standards-by-learning-outside
https://www.gov.uk/government/publications/helping-primary-pupils-to-be-enthusiastic-and-able-linguists
https://www.gov.uk/government/publications/supporting-the-development-of-bilingualism-in-young-children
https://www.gov.uk/government/publications/developing-outstanding-historical-thinking-in-primary-schools
https://www.gov.uk/government/publications/using-the-outdoors-to-support-learning-and-play-in-primary-school
https://www.gov.uk/government/publications/raising-achievement-when-english-is-an-additional-language
https://www.gov.uk/government/publications/moving-on-up-transitioning-chidren-to-year-1
https://www.gov.uk/government/publications/improving-girls-attainment-in-mathematics
https://www.gov.uk/government/publications/learning-english-as-an-additional-language-in-primary-school
https://www.gov.uk/government/publications/the-route-to-a-good-and-improving-school
https://www.gov.uk/government/publications/a-curriculum-for-impressive-school-improvement
https://www.gov.uk/government/publications/innovative-curriculum-design-to-raise-attainment
https://www.gov.uk/government/publications/bringing-together-the-early-years-foundation-stage-and-the-national-curriculum
https://www.gov.uk/government/publications/excellence-in-english
https://www.gov.uk/government/publications/key-stage-2-english-grammar-punctuation-and-spelling-test-framework
https://www.gov.uk/government/publications/key-stage-1-english-grammar-punctuation-and-spelling-test-framework
https://www.gov.uk/government/publications/key-stage-2-teacher-assessment-data-collection-2016-technical-specification
https://www.gov.uk/government/publications/notes-for-readers-in-the-english-grammar-punctuation-and-spelling-test-short-answer-questions
https://www.gov.uk/government/publications/reception-baseline-comparability-study
https://www.gov.uk/government/publications/2016-teacher-assessment-exemplification-ks2-english-reading
https://www.gov.uk/government/publications/2016-teacher-assessment-exemplification-ks1-science
https://www.gov.uk/government/publications/2016-teacher-assessment-exemplification-ks2-science
https://www.gov.uk/government/publications/2016-teacher-assessment-exemplification-ks2-english-writing
https://www.gov.uk/government/publications/2016-teacher-assessment-exemplification-ks1-english-writing
https://www.gov.uk/government/publications/2016-teacher-assessment-exemplification-ks1-mathematics
https://www.gov.uk/government/publications/2016-teacher-assessment-exemplification-ks2-mathematics
https://www.gov.uk/government/publications/key-stage-1-2016-national-curriculum-assessments-wall-chart
https://www.gov.uk/government/publications/2016-key-stage-1-english-grammar-punctuation-and-spelling-sample-modified-test-administration-instructions
https://www.gov.uk/government/publications/2016-key-stage-1-english-grammar-punctuation-and-spelling-sample-test-materials-mark-scheme-and-test-administration-instructions
https://www.gov.uk/government/publications/2016-teacher-assessment-exemplification-ks1-english-reading
https://www.gov.uk/government/publications/2016-national-curriculum-tests-for-key-stages-1-and-2-information-for-parents
https://www.gov.uk/government/publications/key-stage-2-tests-2016-english-reading-test-materials
https://www.gov.uk/government/publications/key-stage-2-tests-2016-english-grammar-punctuation-and-spelling-test-materials
https://www.gov.uk/government/publications/key-stage-2-tests-2016-mathematics-test-materials
https://www.gov.uk/government/publications/key-stage-1-tests-2016-mathematics-test-materials
https://www.gov.uk/government/publications/key-stage-1-tests-2016-english-reading-test-materials
https://www.gov.uk/government/publications/key-stage-1-tests-2016-english-grammar-punctuation-and-spelling-test-materials
https://www.gov.uk/government/publications/information-for-parents-2016-national-curriculum-test-results-at-the-end-of-key-stage-1
https://www.gov.uk/government/publications/2016-key-stage-2-english-reading-sample-modified-test-administration-instructions
https://www.gov.uk/government/publications/key-stage-1-assessment-and-reporting-arrangements
https://www.gov.uk/government/publications/key-stage-2-assessment-and-reporting-arrangements
https://www.gov.uk/government/publications/key-stage-2-english-grammar-punctuation-and-spelling-samples-level-6
https://www.gov.uk/government/publications/key-stage-2-english-grammar-punctuation-and-spelling-samples-levels-3-to-5
https://www.gov.uk/government/publications/key-stage-2-tests-monitoring-visits-guide-and-form
https://www.gov.uk/government/publications/guidance-for-key-stage-2-teacher-assessment-moderation
https://www.gov.uk/government/publications/guidance-for-key-stage-1-teacher-assessment-moderation
https://www.gov.uk/government/publications/raising-standards-in-primary-mathematics
https://www.gov.uk/government/publications/key-stage-1-tests-modified-test-administration-guidance-mtag
https://www.gov.uk/government/publications/key-stage-2-tests-notes-for-teachers-on-how-to-prepare-for-onscreen-marking
https://www.gov.uk/government/publications/key-stage-1-tests-test-administration-guidance-tag
https://www.gov.uk/government/publications/key-stage-2-tests-modified-test-administration-guidance-mtag
https://www.gov.uk/government/publications/key-stage-2-attendance-register-and-test-script-dispatch
https://www.gov.uk/government/publications/key-stage-2-tests-test-administration-guidance-tag
https://www.gov.uk/government/publications/interim-frameworks-for-teacher-assessment-at-the-end-of-key-stage-1
https://www.gov.uk/government/publications/pre-key-stage-1-pupils-working-below-the-test-standard
https://www.gov.uk/government/publications/interim-frameworks-for-teacher-assessment-at-the-end-of-key-stage-2
https://www.gov.uk/government/publications/pre-key-stage-2-pupils-working-below-the-test-standard
https://www.gov.uk/government/publications/developing-a-communication-supporting-classrooms-observation-tool
https://www.gov.uk/government/publications/2016-assessment-and-reporting-arrangements-pdf-format-versions
https://www.gov.uk/guidance/national-curriculum-tests-how-maintained-schools-can-order-test-materials
https://www.gov.uk/guidance/national-curriculum-tests-how-independent-schools-can-order-test-materials
https://www.gov.uk/guidance/teacher-assessment-key-stage-1-tasks-and-tests
https://www.gov.uk/guidance/teacher-assessment-how-to-use-the-nca-tools-website
https://www.gov.uk/guidance/teacher-assessment-submit-teacher-assessment
https://www.gov.uk/government/publications/teacher-assessment-moderation-requirements-for-key-stage-2
https://www.gov.uk/government/publications/key-stage-2-tests-2013-levels-3-5-mathematics-test-materials
https://www.gov.uk/government/publications/key-stage-2-tests-2013-level-6-mathematics-test-materials
https://www.gov.uk/government/publications/key-stage-2-tests-2013-levels-3-5-english-reading-test-materials
https://www.gov.uk/government/publications/key-stage-2-tests-2013-level-6-english-reading-test-materials
https://www.gov.uk/government/publications/key-stage-2-tests-2013-level-6-english-grammar-punctuation-and-spelling-test-materials
https://www.gov.uk/government/publications/key-stage-2-tests-2013-levels-3-5-english-grammar-punctuation-and-spelling-test-materials
https://www.gov.uk/government/publications/national-curriculum-in-england-art-and-design-programmes-of-study
https://www.gov.uk/government/publications/key-stage-2-tests-2014-levels-3-5-english-grammar-punctuation-and-spelling-test-materials
https://www.gov.uk/government/publications/key-stage-2-tests-2014-level-6-english-grammar-punctuation-and-spelling-test-materials
https://www.gov.uk/government/publications/key-stage-2-tests-2014-levels-3-5-english-reading-test-materials
https://www.gov.uk/government/publications/key-stage-2-tests-2014-level-6-english-reading-test-materials
https://www.gov.uk/government/publications/key-stage-2-tests-2014-levels-3-5-mathematics-test-materials
https://www.gov.uk/government/publications/key-stage-2-tests-2014-level-6-mathematics-test-materials
https://www.gov.uk/government/publications/national-curriculum-tests-changes-from-2016
https://www.gov.uk/government/publications/cost-of-administering-sats-in-primary-school
https://www.gov.uk/government/publications/investigating-reliability-in-key-stage-2-tests
https://www.gov.uk/government/publications/classification-accuracy-in-key-stage-2-test-results
https://www.gov.uk/government/publications/national-curriculum-in-england-mathematics-programmes-of-study
https://www.gov.uk/government/publications/national-curriculum-in-england-english-programmes-of-study
https://www.gov.uk/government/publications/national-curriculum-in-england-physical-education-programmes-of-study
https://www.gov.uk/government/publications/national-curriculum-in-england-languages-progammes-of-study
https://www.gov.uk/government/publications/national-curriculum-in-england-music-programmes-of-study
https://www.gov.uk/government/publications/national-curriculum-in-england-history-programmes-of-study
https://www.gov.uk/government/publications/national-curriculum-in-england-geography-programmes-of-study
https://www.gov.uk/government/publications/national-curriculum-in-england-framework-for-key-stages-1-to-4
https://www.gov.uk/government/publications/national-curriculum-in-england-science-programmes-of-study
https://www.gov.uk/government/publications/key-stage-2-tests-how-special-consideration-is-calculated
https://www.gov.uk/government/publications/key-stage-2-tests-2015-levels-3-5-english-grammar-punctuation-and-spelling-test-materials
https://www.gov.uk/government/publications/key-stage-2-tests-2015-levels-3-5-english-reading-test-materials
https://www.gov.uk/government/publications/key-stage-2-tests-2015-levels-3-5-mathematics-test-materials
https://www.gov.uk/government/publications/key-stage-2-tests-2015-level-6-mathematics-test-materials
https://www.gov.uk/government/publications/key-stage-2-tests-2015-level-6-english-grammar-punctuation-and-spelling-test-materials
https://www.gov.uk/government/publications/key-stage-2-tests-2015-level-6-english-reading-test-materials
https://www.gov.uk/government/publications/2015-ks2-level-thresholds
https://www.gov.uk/government/publications/key-stage-2-tests-materials-for-pupils-with-a-visual-or-hearing-impairment
https://www.gov.uk/government/publications/national-curriculum-in-england-computing-programmes-of-study
https://www.gov.uk/government/publications/national-curriculum-in-england-design-and-technology-programmes-of-study
https://www.gov.uk/government/publications/national-curriculum-assessments-future-arrangements
https://www.gov.uk/government/publications/key-stage-2-tests-an-overview
https://www.gov.uk/government/publications/key-stage-2-tests-when-pupils-should-take-the-tests
https://www.gov.uk/government/publications/key-stage-1-tasks-and-tests-materials-for-pupils-with-a-visual-impairment
https://www.gov.uk/government/publications/key-stage-1-guidance-for-teacher-assessment-moderation--2
https://www.gov.uk/government/publications/key-stage-2-guidance-for-teacher-assessment-moderation--2
https://www.gov.uk/government/publications/key-stage-1-assessment-and-reporting-arrangements-ara
https://www.gov.uk/government/publications/key-stage-2-assessment-and-reporting-arrangements-ara
https://www.gov.uk/government/publications/key-stage-2-tests-demonstrate-correct-test-administration
https://www.gov.uk/government/publications/key-stage-2-science-sampling-tests
https://www.gov.uk/government/publications/national-curriculum-tests-international-schools
https://www.gov.uk/government/publications/key-stage-2-tests-service-childrens-education-schools
https://www.gov.uk/government/publications/key-stage-1-and-2-maladministration-investigation-procedures
https://www.gov.uk/government/publications/teacher-assessment-moderation-requirements-for-key-stage-1
https://www.gov.uk/government/collections/key-stage-2-ks2-testing-review
https://www.gov.uk/government/collections/key-stage-1-assessments-data-collection
https://www.gov.uk/government/collections/national-curriculum-assessments-test-frameworks
https://www.gov.uk/government/collections/key-stage-2-tests-test-administration-guidance-tag-and-results
https://www.gov.uk/government/collections/national-curriculum-assessments-past-papers
https://www.gov.uk/government/collections/teacher-assessment-key-stage-1-and-key-stage-2
https://www.gov.uk/government/collections/national-curriculum-assessments-2016-sample-materials
https://www.gov.uk/government/collections/national-curriculum-assessments-guidance-for-local-authorities
https://www.gov.uk/government/collections/2016-assessment-and-reporting-arrangements
https://www.gov.uk/government/collections/national-curriculum-assessments-2016-teacher-assessment-exemplification
https://www.gov.uk/government/collections/key-stage-1-test-administration
https://www.gov.uk/government/collections/maladministration-reports
https://www.gov.uk/government/collections/national-curriculum-assessments-key-stage-2-tests
https://www.gov.uk/government/collections/national-curriculum-assessments-practice-materials
https://www.gov.uk/government/news/focus-on-phonics-vindicated-by-results
https://www.gov.uk/government/news/phonics-check-and-key-stage-1-results
https://www.gov.uk/government/news/phonics-reading-check-and-key-stage-1-results-published
https://www.gov.uk/government/news/a-third-of-children-reach-expected-level-in-pilot-of-phonics-check
https://www.gov.uk/government/news/funding-for-phonics-teaching-to-improve-childrens-reading
https://www.gov.uk/government/news/new-phonics-check-will-identify-thousands-of-children-needing-extra-reading-help
https://www.gov.uk/government/news/phonics-funding-thousands-of-schools-sign-up
https://www.gov.uk/government/news/100000-more-pupils-on-track-to-succeed-in-reading-via-phonics
https://www.gov.uk/government/news/reading-at-an-early-age-the-key-to-success
https://www.gov.uk/government/speeches/nick-gibb-the-importance-of-phonics
https://www.gov.uk/government/news/phonics-screening-check-week-begins-today
https://www.gov.uk/government/news/phonics-screening-check-threshold-published-today
https://www.gov.uk/guidance/phonics-screening-check-data-collection
https://www.gov.uk/guidance/phonics-screening-check-how-to-administer-the-check
https://www.gov.uk/guidance/phonics-screening-check-check-administrators-responsibilities
https://www.gov.uk/guidance/phonics-screening-check-headteachers-responsibilities
https://www.gov.uk/guidance/phonics-screening-check-how-to-carry-out-a-monitoring-visit
https://www.gov.uk/guidance/key-stage-2-tests-and-phonics-screening-check-monitoring-visits
https://www.gov.uk/government/publications/evaluation-of-the-phonics-screening-check-first-interim-report
https://www.gov.uk/government/publications/assessment-framework-for-the-development-of-the-year-1-phonics-screening-check
https://www.gov.uk/government/publications/year-1-phonics-screening-check-pilot-evaluation
https://www.gov.uk/government/publications/phonics-screening-check-data-collection-2013-technical-specification
https://www.gov.uk/government/publications/phonics-screening-check-data-collection-2013-guide
https://www.gov.uk/government/publications/phonics-screening-check-data-collection-2012-technical-specification
https://www.gov.uk/government/publications/teaching-the-higher-levels-of-phonics
https://www.gov.uk/government/publications/letters-and-sounds-principles-and-practice-of-high-quality-phonics-phase-one-teaching-programme
https://www.gov.uk/government/publications/phonics-self-assessment-form-adaptaboard-advanced
https://www.gov.uk/government/publications/phonics-self-assessment-form-autopress-education
https://www.gov.uk/government/publications/phonics-self-assessment-form-bug-club
https://www.gov.uk/government/publications/phonics-self-assessment-form-dandelion-books
https://www.gov.uk/government/publications/phonics-self-assessment-form-floppys-phonics-sounds-and-letters
https://www.gov.uk/government/publications/phonics-self-assessment-form-jolly-phonics
https://www.gov.uk/government/publications/phonics-self-assessment-form-letterland-my-alphabet-storybooks
https://www.gov.uk/government/publications/phonics-self-assessment-form-jolly-readers
https://www.gov.uk/government/publications/phonics-self-assessment-form-letterland-phonics-readers-sets-1-to-4
https://www.gov.uk/government/publications/phonics-self-assessment-form-letterland-phonics-revised-edition
https://www.gov.uk/government/publications/phonics-self-assessment-form-letters-and-sounds
https://www.gov.uk/government/publications/phonics-self-assessment-form-phonics-bug
https://www.gov.uk/government/publications/phonics-self-assessment-form-phonics-international
https://www.gov.uk/government/publications/phonics-self-assessment-form-project-x-phonics
https://www.gov.uk/government/publications/phonics-self-assessment-form-read-write-inc
https://www.gov.uk/government/publications/phonics-self-assessment-form-reading-corner-phonics
https://www.gov.uk/government/publications/phonics-self-assessment-form-read-write-inc-fresh-start
https://www.gov.uk/government/publications/phonics-self-assessment-form-songbirds-phonics
https://www.gov.uk/government/publications/phonics-self-assessment-form-sound-phonics
https://www.gov.uk/government/publications/phonics-self-assessment-form-sounds-write
https://www.gov.uk/government/publications/phonics-self-assessment-form-sound-discovery--2
https://www.gov.uk/government/publications/phonics-teaching-materials-core-criteria-and-self-assessment
https://www.gov.uk/government/publications/phonics-screening-check-data-collection-2014-technical-specification
https://www.gov.uk/government/publications/phonics-self-assessment-form-tap-tap-bat-system
https://www.gov.uk/government/publications/phonics-self-assessment-form-monster-phonics
https://www.gov.uk/government/publications/phonics-self-assessment-form-tts-group
https://www.gov.uk/government/publications/phonics-screening-check-evaluation
https://www.gov.uk/government/publications/phonics-screening-check-2013-technical-report
https://www.gov.uk/government/publications/phonics-screening-check-data-collection-2014-guide
https://www.gov.uk/government/publications/phonics-screening-check-2013-materials
https://www.gov.uk/government/publications/phonics-self-assessment-form-teach-your-monster-to-read
https://www.gov.uk/government/publications/learning-to-read-through-phonics-information-for-parents
https://www.gov.uk/government/publications/phonics-year-1-screening-check-statistics
https://www.gov.uk/government/publications/phonics-screening-check-pilot-2011-technical-report
https://www.gov.uk/government/publications/phonics-screening-check-2012-technical-report
https://www.gov.uk/government/publications/key-stage-1-phonics-screening-check-monitoring-visits-guidance-and-form
https://www.gov.uk/government/publications/phonics-screening-data-collection-2015-technical-specification
https://www.gov.uk/government/publications/phonics-screening-check-2014-materials
https://www.gov.uk/government/publications/phonics-screening-check-2015-materials
https://www.gov.uk/government/publications/phonics-screening-check-data-collection-2015-guide
https://www.gov.uk/government/publications/phonics-screening-check-evaluation-final-report
https://www.gov.uk/government/publications/letters-and-sounds
https://www.gov.uk/government/statistics/phonics-screening-check-and-national-curriculum-assessments-at-key-stage-1-in-england-2012
https://www.gov.uk/government/publications/phonics-screening-data-collection-2016-technical-specification
https://www.gov.uk/government/publications/engaging-reception-children-in-phonics
https://www.gov.uk/government/publications/phonics-screening-check-responding-to-the-results
https://www.gov.uk/government/publications/key-stage-1-phonics-screening-check-administration-guidance
https://www.gov.uk/government/publications/phonics-screening-check-sample-materials-and-training-video
https://www.gov.uk/government/publications/key-stage-2-tests-and-phonics-screening-check-keep-materials-secure
https://www.gov.uk/government/collections/phonics-screening-check-data-collection
https://www.gov.uk/government/collections/phonics
https://www.gov.uk/government/collections/phonics-screening-check-administration
https://www.gov.uk/government/collections/phonics-choosing-a-programme
https://www.gov.uk/government/collections/phonics-screening-check-research
https://www.gov.uk/government/collections/phonics-screening-check-technical-reports
https://www.gov.uk/guidance/school-preference-data-collections
https://www.gov.uk/guidance/schools-exclusion-reviews-survey
https://www.gov.uk/guidance/appeals-against-admissions-survey
https://www.gov.uk/guidance/early-years-census
https://www.gov.uk/guidance/alternative-provision-census
https://www.gov.uk/guidance/school-level-annual-school-census
https://www.gov.uk/guidance/school-census
https://www.gov.uk/guidance/school-capacity-survey
https://www.gov.uk/guidance/general-hospital-school-census-guide-to-submitting-data
https://www.gov.uk/guidance/school-workforce-census
https://www.gov.uk/guidance/special-educational-needs-survey
https://www.gov.uk/government/publications/school-to-school-guides-for-schools-and-local-authorities
https://www.gov.uk/guidance/teacher-misconduct-regulating-the-teaching-profession
https://www.gov.uk/government/publications/school-complaints-procedures
https://www.gov.uk/government/news/new-plans-allow-schools-to-employ-overseas-teachers-more-easily
https://www.gov.uk/government/consultations/staffing-and-employment-advice-for-schools
https://www.gov.uk/guidance/school-direct-get-involved-in-initial-teacher-training
https://www.gov.uk/guidance/teacher-status-checks-information-for-employers
https://www.gov.uk/guidance/supporting-returning-teachers
https://www.gov.uk/government/publications/a-guide-to-recruiting-and-selecting-a-new-headteacher
https://www.gov.uk/government/publications/training-employing-and-keeping-outstanding-teachers
https://www.gov.uk/government/publications/managing-staff-employment-in-schools
https://www.gov.uk/government/publications/induction-for-newly-qualified-teachers-nqts
https://www.gov.uk/government/publications/employing-overseas-trained-teachers-from-outside-the-eea
https://www.gov.uk/government/publications/teacher-appraisal-and-capability-model-policy
https://www.gov.uk/government/publications/reviewing-and-revising-school-teachers-pay
https://www.gov.uk/government/news/message-from-michael-gove-regarding-funding-reform
https://www.gov.uk/government/consultations/savings-to-the-education-services-grant-for-2015-to-2016
https://www.gov.uk/government/news/the-department-for-education-comments-on-education-funding
https://www.gov.uk/government/speeches/written-ministerial-statement-by-michael-gove-on-education-funding
https://www.gov.uk/government/news/department-for-educations-settlement-at-the-spending-review-2015
https://www.gov.uk/government/speeches/education-spending
https://www.gov.uk/government/news/department-for-education-statement-on-kings-science-academy
https://www.gov.uk/government/news/michael-gove-announcement-on-education-funding
https://www.gov.uk/government/publications/local-authority-benchmarking-tables-2014-to-2015
https://www.gov.uk/government/publications/basic-need-allocations-2015-to-2018
https://www.gov.uk/government/collections/local-service-budgets-for-2015-to-2016
https://www.gov.uk/government/news/two-liverpool-special-schools-open-in-new-multi-million-building
https://www.gov.uk/government/news/new-start-for-2-cumbria-schools-with-20-million-rebuild
https://www.gov.uk/government/consultations/funding-for-children-and-young-people-with-send
https://www.gov.uk/government/news/north-lincolnshire-school-celebrates-start-of-rebuilding-work
https://www.gov.uk/government/news/primary-pe-and-sport-premium-for-the-2015-to-2016-financial-year
https://www.gov.uk/government/news/west-midlands-school-rebuild-from-victorian-era-to-21st-century
https://www.gov.uk/government/news/kent-school-gets-multi-million-pound-rebuild
https://www.gov.uk/government/news/50-million-summer-school-fund-launched-to-help-disadvantaged-children-into-secondary-school
https://www.gov.uk/government/news/50-million-to-help-pupils-get-ready-for-secondary-school
https://www.gov.uk/government/news/academies-funding-training-videos-and-webinars-launched
https://www.gov.uk/government/news/multi-million-pound-rebuild-for-north-west-school
https://www.gov.uk/government/news/funding-for-deprived-pupils-set-to-double
https://www.gov.uk/government/news/gove-building-schools-for-the-future-sample-projects-get-go-ahead-and-further-confirmation-given-to-academies
https://www.gov.uk/government/news/most-run-down-school-in-country-gets-7-million-facelift
https://www.gov.uk/government/news/private-finance-to-fund-rebuilding-of-46-schools-under-the-next-steps-of-the-priority-school-building-programme
https://www.gov.uk/government/news/spades-hit-the-ground-at-coventry-school-marking-first-day-of-construction-under-the-priority-school-building-programme
https://www.gov.uk/government/news/wyken-croft-primary-school-moves-into-brand-new-building
https://www.gov.uk/government/speeches/funding-allocations
https://www.gov.uk/government/speeches/written-ministerial-statement-by-michael-gove-on-school-funding-reform
https://www.gov.uk/government/news/priority-school-building-programme-essex-special-school-reopens
https://www.gov.uk/government/news/grimsby-pupils-bury-time-capsule-to-mark-rebuild
https://www.gov.uk/government/news/priority-school-building-programme-2-schools-start-rebuild-work
https://www.gov.uk/government/news/priority-school-building-programme-rugby-star-reopens-school
https://www.gov.uk/government/consultations/fairer-schools-funding-2015-to-2016
https://www.gov.uk/government/news/13-million-school-rebuild-starts-in-withernsea-yorkshire
https://www.gov.uk/government/news/16-billion-to-help-ensure-every-child-has-a-school-place
https://www.gov.uk/government/news/6-billion-investment-to-rebuild-and-improve-schools-across-england
https://www.gov.uk/government/news/first-school-opens-under-priority-school-building-programme
https://www.gov.uk/government/news/innovative-new-school-designs-deliver-efficiency-for-every-pound-spent
https://www.gov.uk/government/news/michael-gove-announces-over-2-billion-for-more-school-places
https://www.gov.uk/government/news/new-endowment-fund-to-turn-around-weakest-schools-and-raise-standards-for-disadvantaged-pupils
https://www.gov.uk/government/news/over-9000-pupils-to-benefit-from-new-and-improved-school-buildings
https://www.gov.uk/government/news/overhaul-to-englands-school-building-programme
https://www.gov.uk/government/news/schools-best-at-helping-disadvantaged-pupils-to-share-4-million-prize-fund
https://www.gov.uk/government/speeches/targeted-capital-funding-for-new-school-places
https://www.gov.uk/government/speeches/written-ministerial-statement-by-michael-gove-on-building-schools-for-the-future
https://www.gov.uk/government/news/suffolk-academy-celebrates-move-into-new-building
https://www.gov.uk/government/consultations/school-and-early-years-finance-england-regulations-2014
https://www.gov.uk/government/consultations/school-and-early-years-finance-regulations-2013
https://www.gov.uk/government/news/100-million-to-support-the-education-of-children-in-care
https://www.gov.uk/government/news/150-million-to-boost-primary-school-sport
https://www.gov.uk/government/news/185-million-school-rebuild-starts-in-hessle-yorkshire
https://www.gov.uk/government/news/academy-funding-comment-from-the-department-for-education
https://www.gov.uk/government/news/gateshead-specialist-arts-college-moves-into-brand-new-building
https://www.gov.uk/government/news/grants-to-help-boost-diversity-in-senior-school-leadership
https://www.gov.uk/government/news/help-for-children-in-care-to-achieve-better-school-results
https://www.gov.uk/government/news/independent-review-on-the-school-capital-system-is-published
https://www.gov.uk/government/news/major-155-million-school-rebuild-gets-underway-in-newark
https://www.gov.uk/government/news/major-39-million-school-rebuild-gets-underway-in-the-north-west
https://www.gov.uk/government/news/major-42-million-school-rebuild-gets-underway-in-east-yorkshire
https://www.gov.uk/government/news/major-54-million-school-rebuild-gets-underway-in-east-yorkshire
https://www.gov.uk/government/news/new-data-shows-13-million-more-infants-eating-free-school-meals
https://www.gov.uk/government/news/pe-and-sport-premium-more-children-benefiting-from-school-sport
https://www.gov.uk/government/news/school-maintenance-allocations
https://www.gov.uk/government/news/school-rebuilds-start-of-198-million-construction-celebrated
https://www.gov.uk/government/news/tim-loughton-writes-to-the-guardian-about-school-playing-fields
https://www.gov.uk/government/news/vital-building-work-gets-underway-at-schools-in-hartlepool
https://www.gov.uk/government/news/inspirational-new-school-for-durham-after-rebuild
https://www.gov.uk/government/speeches/david-laws-talks-about-universal-infant-free-school-meals
https://www.gov.uk/government/speeches/fairer-school-funding
https://www.gov.uk/government/speeches/investing-in-the-school-estate
https://www.gov.uk/government/speeches/school-funding
https://www.gov.uk/government/speeches/written-ministerial-statement-by-michael-gove-on-schools-financial-settlement-education-spending--2
https://www.gov.uk/government/speeches/schools-revenue-funding-settlement-for-2016-to-2017
https://www.gov.uk/government/consultations/school-and-early-years-finance-england-regulations-2015
https://www.gov.uk/government/consultations/funding-for-school-admission-appeals
https://www.gov.uk/government/news/thousands-of-pupils-start-2016-in-new-buildings
https://www.gov.uk/government/news/schools-in-30-million-savings-boost-after-deal-with-microsoft
https://www.gov.uk/government/news/funding-for-primary-school-sports
https://www.gov.uk/government/consultations/academies-funding-simplifying-the-administration
https://www.gov.uk/government/news/run-down-schools-in-england-get-160-million-facelift
https://www.gov.uk/government/speeches/school-funding-for-2016-to-2017
https://www.gov.uk/government/news/education-funding-announcements-for-the-financial-year-2013-to-2014
https://www.gov.uk/government/news/fair-funding-for-all-schools
https://www.gov.uk/government/speeches/david-laws-oral-statement-on-minimum-funding-levels
https://www.gov.uk/government/speeches/david-laws-written-ministerial-statement-on-school-funding-reforms
https://www.gov.uk/government/consultations/review-of-efficiency-in-the-schools-system
https://www.gov.uk/government/speeches/statement-by-michael-gove-on-the-allocation-of-extra-500-million-to-address-the-shortage-in-pupil-places
https://www.gov.uk/government/news/written-ministerial-statement-on-the-priority-school-building-programme
https://www.gov.uk/government/news/written-ministerial-statement-on-school-capital-funding
https://www.gov.uk/government/news/watford-school-officially-reopens-following-massive-renovation
https://www.gov.uk/government/news/free-school-capital-funding-confirmed-for-7-schools
https://www.gov.uk/guidance/school-land-and-property-protection-transfer-and-disposal
https://www.gov.uk/guidance/academies-capital-maintenance-fund
https://www.gov.uk/guidance/funding-payments-for-academies
https://www.gov.uk/guidance/academies-apply-for-advances-of-funding
https://www.gov.uk/guidance/academies-funding-allocations
https://www.gov.uk/guidance/service-premium-information-for-schools
https://www.gov.uk/guidance/voluntary-aided-schools-capital-funding
https://www.gov.uk/guidance/year-7-literacy-and-numeracy-catch-up-premium-guide-for-schools
https://www.gov.uk/guidance/academies-risk-protection-arrangement-rpa
https://www.gov.uk/guidance/equality-and-diversity-funding-for-school-led-projects
https://www.gov.uk/guidance/academies-capital-funding-and-support
https://www.gov.uk/guidance/capital-funding-for-multi-academy-trusts-mats
https://www.gov.uk/guidance/academies-funding-a-to-z-of-terms
https://www.gov.uk/guidance/universal-infant-free-school-meals-guide-for-schools-and-local-authorities
https://www.gov.uk/guidance/schools-financial-value-standard-and-assurance-sfvs
https://www.gov.uk/government/publications/equality-impact-assessment-new-funding-formula-for-schools
https://www.gov.uk/government/publications/review-of-2013-to-2014-school-funding-arrangements
https://www.gov.uk/government/publications/school-funding-reform-findings-from-the-review-of-2013-to-2014-arrangements-and-changes-for-2014-to-2015
https://www.gov.uk/government/publications/review-of-efficiency-in-the-schools-system
https://www.gov.uk/government/publications/capital-forecast-return
https://www.gov.uk/government/publications/equality-analysis-basic-need-funding
https://www.gov.uk/government/publications/psbp-batch-information
https://www.gov.uk/government/publications/academies-capital-maintenance-fund-round-1-information
https://www.gov.uk/government/publications/academies-capital-maintenance-fund-historical-data
https://www.gov.uk/government/publications/psbp-list-of-successful-applicants
https://www.gov.uk/government/publications/school-level-and-la-level-finance-data-from-1999-to-2012
https://www.gov.uk/government/publications/academies-funding-allocation-pack-2013-to-2014
https://www.gov.uk/government/publications/dedicated-schools-grant-2013-to-2014
https://www.gov.uk/government/publications/psbp-facilities-and-services-output-specifications
https://www.gov.uk/government/publications/schools-block-funding-allocations-2014-to-2015
https://www.gov.uk/government/publications/education-services-grant-for-2015-to-2016-supplementary-note
https://www.gov.uk/government/publications/the-pe-and-sport-premium-for-primary-schools
https://www.gov.uk/government/publications/academies-capital-maintenance-fund-information-for-mats
https://www.gov.uk/government/publications/fairer-schools-funding-arrangements-for-2015-to-2016
https://www.gov.uk/government/publications/utc-revenue-funding-2015-to-2016-academic-year
https://www.gov.uk/government/publications/studio-school-revenue-funding-2015-to-2016-academic-year
https://www.gov.uk/government/publications/academy-funding-in-2014-to-2015-letter-to-academies
https://www.gov.uk/government/publications/2014-to-2015-revenue-funding-arrangements-operational-information-for-local-authorities
https://www.gov.uk/government/publications/academy-funding-2016-to-2017-letter-to-academies
https://www.gov.uk/government/publications/psbp-template-project-documents
https://www.gov.uk/government/publications/schools-block-funding-allocations-2015-to-2016
https://www.gov.uk/government/publications/schemes-for-financing-schools
https://www.gov.uk/government/publications/schools-funding-arrangements-2016-to-2017
https://www.gov.uk/government/publications/pe-and-sport-premium-an-investigation-in-primary-schools
https://www.gov.uk/government/publications/capital-funding-for-open-free-schools
https://www.gov.uk/government/publications/universal-infant-free-school-meals-capital-funding-allocations
https://www.gov.uk/government/publications/education-services-grant-2015-to-2016
https://www.gov.uk/government/publications/financial-efficiency-in-schools
https://www.gov.uk/government/publications/universal-infant-free-school-meals-schools-offering-a-hot-meal
https://www.gov.uk/government/publications/universal-infant-free-school-meals-take-up-by-infant-pupils
https://www.gov.uk/government/publications/universal-infant-free-school-meals-uifsm-provisional-funding-allocations-2014-to-2015
https://www.gov.uk/government/publications/capital-allocations
https://www.gov.uk/government/publications/alternative-provision-free-school-funding-agreements-2012
https://www.gov.uk/government/publications/alternative-provision-free-school-funding-agreements-2015
https://www.gov.uk/government/publications/alternative-provision-free-school-funding-agreements-2014
https://www.gov.uk/government/publications/alternative-provision-free-school-funding-agreements-2013
https://www.gov.uk/government/publications/schools-block-funding-formulae-2015-to-2016
https://www.gov.uk/government/publications/dedicated-schools-grant-dsg-2016-to-2017
https://www.gov.uk/government/publications/targeted-basic-need-programme-fact-sheet-and-further-information
https://www.gov.uk/government/publications/targeted-basic-need-programme-list-of-projects
https://www.gov.uk/government/publications/dedicated-schools-grant-dsg-2015-to-2016
https://www.gov.uk/government/publications/revenue-expenditure-for-free-schools
https://www.gov.uk/government/publications/education-services-grant-esg-2016-to-2017
https://www.gov.uk/government/publications/capital-funding-for-schools-research-priorities-and-questions
https://www.gov.uk/government/publications/school-funding-research-priorities-and-questions
https://www.gov.uk/guidance/pe-and-sport-premium-for-primary-schools
https://www.gov.uk/guidance/education-endowment-foundation-eef-research-schools-funding
https://www.gov.uk/guidance/targeted-basic-need-programme
https://www.gov.uk/guidance/academies-funding-claims
https://www.gov.uk/government/publications/psbp-hertfordshire-luton-and-reading-private-finance-batch
https://www.gov.uk/government/publications/psbp-north-east-1-capital-funded-batch
https://www.gov.uk/government/publications/psbp-derby-capital-funded-batch
https://www.gov.uk/government/publications/psbp-north-west-4-capital-funded-batch
https://www.gov.uk/government/publications/psbp-east-midlands-capital-funded-batch
https://www.gov.uk/government/publications/psbp-midlands-1-capital-funded-batch
https://www.gov.uk/government/publications/psbp-north-east-private-finance-batch
https://www.gov.uk/government/publications/psbp-north-west-private-finance-batch
https://www.gov.uk/government/publications/psbp-yorkshire-private-finance-batch
https://www.gov.uk/government/publications/psbp-midlands-private-finance-batch
https://www.gov.uk/government/publications/priority-school-building-programme-2-psbp2
https://www.gov.uk/government/publications/psbp-selected-contractors-capital-funded-batches
https://www.gov.uk/government/publications/psbp-overview
https://www.gov.uk/government/publications/school-to-school-support-fund-terms-of-use
https://www.gov.uk/government/publications/pe-and-sport-premium-conditions-of-grant-for-2015-to-2016
https://www.gov.uk/government/publications/psbp-selected-bidders-private-finance-batches
https://www.gov.uk/government/publications/year-7-catch-up-premium-2015-to-2016-allocations
https://www.gov.uk/government/publications/academies-land-and-buildings-valuation
https://www.gov.uk/government/publications/academies-and-the-dedicated-schools-grant-2014-to-2015
https://www.gov.uk/government/publications/academies-payments-information-remittance-advice-notes
https://www.gov.uk/government/publications/universal-infant-free-school-meals-uifsm-funding-allocations-2015-to-2016
https://www.gov.uk/government/publications/school-land-decisions-about-disposals
https://www.gov.uk/government/collections/statistics-local-authority-school-finance-data
https://www.gov.uk/government/collections/priority-school-building-programme-psbp
https://www.gov.uk/government/collections/school-building-design-and-maintenance
https://www.gov.uk/government/collections/school-capital-expenditure-and-funding
https://www.gov.uk/government/collections/academies-funding-payments-and-compliance
https://www.gov.uk/guidance/school-to-school-support-fund
https://www.gov.uk/government/news/430-primary-schools-win-in-the-pupil-premium-awards-2015
https://www.gov.uk/government/news/cash-boost-for-disadvantaged-school-children
https://www.gov.uk/government/speeches/pupil-premium-funding
https://www.gov.uk/government/news/disadvantaged-primary-pupils-to-benefit-from-extra-225-million
https://www.gov.uk/government/news/disadvantaged-school-children-to-benefit-from-125-billion-funding-from-april-2012
https://www.gov.uk/government/news/government-announces-pupil-premium-to-raise-achievement
https://www.gov.uk/government/news/pupil-premium-awards-2015-winners-congratulated
https://www.gov.uk/government/news/pupil-premium-evaluation-paves-way-for-new-raft-of-measures-so-schools-help-disadvantaged-pupils
https://www.gov.uk/government/news/pupil-premium-reform-is-benefiting-children-from-all-backgrounds
https://www.gov.uk/government/speeches/written-ministerial-statement-by-michael-gove-the-secretary-of-state-for-education-on-schools-financial-settlement-pupil-premium
https://www.gov.uk/government/news/david-laws-discusses-the-impact-of-the-pupil-premium-in-well-off-and-deprived-areas
https://www.gov.uk/government/news/pupil-premium-schools-to-get-even-more-cash-this-year
https://www.gov.uk/government/news/secondary-schools-win-in-the-pupil-premium-awards-2015
https://www.gov.uk/government/news/special-school-finalists-in-2015-pupil-premium-awards-announced
https://www.gov.uk/government/news/pupil-premium-awards-2014
https://www.gov.uk/government/news/more-schools-use-pupil-premium-well-but-others-still-struggle
https://www.gov.uk/government/news/pupil-premium-starts-to-make-positive-difference-in-many-schools
https://www.gov.uk/guidance/pupil-premium-reviews
https://www.gov.uk/guidance/pupil-premium-reviews-a-guide-for-nles
https://www.gov.uk/guidance/pupil-premium-information-for-schools-and-alternative-provision-settings
https://www.gov.uk/government/publications/pupil-premium-2013-to-2014-final-allocation-tables
https://www.gov.uk/government/publications/pupil-premium-2014-to-2015-illustrative-allocation-tables
https://www.gov.uk/government/publications/pupil-premium-grant-2013-to-2014-conditions-of-grant
https://www.gov.uk/government/publications/the-pupil-premium-how-schools-used-the-funding
https://www.gov.uk/government/publications/the-pupil-premium-how-schools-are-spending-the-funding-successfully
https://www.gov.uk/government/publications/the-pupil-premium-an-update
https://www.gov.uk/government/publications/evaluation-of-pupil-premium
https://www.gov.uk/government/publications/pupil-premium-funding-tables-2012-to-2013
https://www.gov.uk/government/publications/pupil-premium-2014-to-2015-final-allocations
https://www.gov.uk/government/publications/pupil-premium-research-priorities-and-questions
https://www.gov.uk/government/publications/pupil-premium-2015-to-2016-allocations
https://www.gov.uk/government/publications/pupil-premium-conditions-of-grant-2016-to-2017
https://www.gov.uk/guidance/2016-early-years-foundation-stage-assessment-and-reporting-arrangements-ara/section-2-early-years-foundation-stage-profile
https://www.gov.uk/guidance/2016-early-years-foundation-stage-assessment-and-reporting-arrangements-ara/section-4-reporting-and-using-results
https://www.gov.uk/guidance/2016-early-years-foundation-stage-assessment-and-reporting-arrangements-ara/section-3-moderation
https://www.gov.uk/guidance/2016-early-years-foundation-stage-assessment-and-reporting-arrangements-ara/section-1-introduction
https://www.gov.uk/guidance/2016-early-years-foundation-stage-assessment-and-reporting-arrangements-ara/section-5-legal-requirements-and-responsibilities
https://www.gov.uk/government/news/call-for-evidence-for-the-review-of-the-early-years-foundation-stage
https://www.gov.uk/government/news/dame-clare-tickell-responds-to-inaccurate-reports-about-her-review-of-the-eyfs
https://www.gov.uk/government/news/early-years-foundation-stage-to-be-radically-slimmed-down
https://www.gov.uk/government/news/review-of-early-years-foundation-stage
https://www.gov.uk/government/news/quality-nurseries-urged-to-make-full-use-of-flexibility
https://www.gov.uk/government/speeches/written-ministerial-statement-by-sarah-teather-on-the-early-years-foundation-stage
https://www.gov.uk/government/news/new-early-years-framework-published
https://www.gov.uk/government/news/revised-early-years-foundation-stage-consultation-closes-30-september
https://www.gov.uk/government/statistics/announcements/eyfsp-attainment-by-pupil-characteristics-england-2015
https://www.gov.uk/government/speeches/sarah-teather-on-reforming-early-years
https://www.gov.uk/government/news/reception-baseline-comparability-study-published
https://www.gov.uk/government/consultations/paediatric-first-aid-eyfs-statutory-framework-amendments
https://www.gov.uk/guidance/2016-early-years-foundation-stage-assessment-and-reporting-arrangements-ara
https://www.gov.uk/guidance/early-years-foundation-stage-profile
https://www.gov.uk/guidance/progress-check-at-age-2-and-eyfs-profile
https://www.gov.uk/guidance/reception-baseline-assessment-guide-to-signing-up-your-school
https://www.gov.uk/government/statistics/announcements/early-years-foundation-stage-profile-results-in-england-2015-to-2016
https://www.gov.uk/government/publications/early-learning-for-two-year-olds-trials
https://www.gov.uk/government/publications/results-of-the-early-years-foundation-stage-profile-pilot
https://www.gov.uk/government/publications/achievement-of-children-in-the-early-years-foundation-stage-profile
https://www.gov.uk/government/publications/the-early-education-pilot-for-two-year-old-children-age-five-follow-up
https://www.gov.uk/government/publications/second-national-survey-of-practitioners-with-early-years-professional-status
https://www.gov.uk/government/publications/practitioners-experiences-of-the-early-years-foundation-stage
https://www.gov.uk/government/publications/investigating-the-role-of-language-in-childrens-early-educational-outcomes
https://www.gov.uk/government/publications/early-years-foundation-stage-profile-local-authority-moderation-requirements-booklet-2010-to-2011
https://www.gov.uk/government/publications/childrens-experiences-of-the-early-years-foundation-stage
https://www.gov.uk/government/statistics/early-years-foundation-stage-profile-results-2012-to-2013
https://www.gov.uk/government/publications/early-years-evidence-pack
https://www.gov.uk/government/publications/the-early-years-foundation-stage-tickell-review-report-on-the-evidence
https://www.gov.uk/government/publications/foundation-learning-national-evaluation
https://www.gov.uk/government/publications/early-years-foundation-stage-profile-2013-guide
https://www.gov.uk/government/publications/eyfs-profile-2013-technical-specification
https://www.gov.uk/government/publications/early-years-foundation-stage-profile-2012-guide
https://www.gov.uk/government/publications/eyfs-profile-2012-technical-specification
https://www.gov.uk/government/publications/early-years-foundation-stage-assessment-and-reporting-2014
https://www.gov.uk/government/publications/early-years-outcomes
https://www.gov.uk/government/publications/eyfsp-2014-technical-specification
https://www.gov.uk/government/publications/eyfs-progress-check-at-age-2-a-know-how-guide
https://www.gov.uk/government/publications/i-cans-early-talk-programme-independent-evaluation-of-the-impact-of-early-talk-on-addressing-speech-communication-and-language-needs-in-sure-start
https://www.gov.uk/government/publications/eyfsp-return-2014-guide
https://www.gov.uk/government/publications/the-early-years-foundation-stage-eyfs-learning-and-development-requirements-guidance-on-exemptions-for-individual-children
https://www.gov.uk/government/publications/the-early-years-foundation-stage-eyfs-learning-and-development-requirements-guidance-on-exemptions-for-early-years-providers
https://www.gov.uk/government/publications/early-years-foundation-stage-profile-handbook-2014
https://www.gov.uk/government/publications/integrated-review-at-age-2-implementation-study
https://www.gov.uk/government/publications/reading-by-six-how-the-best-schools-do-it
https://www.gov.uk/government/publications/eyfs-profile-exemplication-materials
https://www.gov.uk/government/publications/impact-assessment-opinion-early-years-foundation-stage-learning-and-development-requirements-amendment-order-2012
https://www.gov.uk/government/publications/early-language-and-literacy-from-training-to-teaching
https://www.gov.uk/government/publications/the-impact-of-the-early-years-foundation-stage
https://www.gov.uk/government/publications/eyfsp-2015-technical-specification
https://www.gov.uk/government/publications/early-years-foundation-stage-profile-return-2015-guide
https://www.gov.uk/government/publications/eyfsp-return-2015-collect-guide
https://www.gov.uk/government/publications/supporting-childrens-learning-through-teaching-and-play
https://www.gov.uk/government/publications/improving-boys-literacy-skills
https://www.gov.uk/government/publications/reception-baseline-research
https://www.gov.uk/government/publications/pre-school-and-early-home-learning-effects-on-a-level-outcomes
https://www.gov.uk/government/publications/off-to-a-flying-start-assessment-in-reception-year
https://www.gov.uk/government/statistics/early-years-foundation-stage-profile-results-2014-to-2015
https://www.gov.uk/government/statistics/early-years-foundation-stage-profile-results-in-england-academic-year-2009-to-2010
https://www.gov.uk/government/statistics/early-years-foundation-stage-profile-results-in-england-academic-year-2010-to-2011
https://www.gov.uk/government/statistics/early-years-foundation-stage-profile-results-in-england-academic-year-2011-to-2012
https://www.gov.uk/government/publications/we-are-all-learners-here-our-lady-star-of-the-sea-nursery
https://www.gov.uk/government/publications/partnerships-between-parents-and-carers
https://www.gov.uk/government/publications/collaborating-to-support-early-years-teaching-and-learning
https://www.gov.uk/government/publications/first-national-survey-of-practitioners-with-early-years-professional-status
https://www.gov.uk/government/publications/learning-together-through-play-in-the-early-years
https://www.gov.uk/government/publications/engaging-parents-in-the-early-years-foundation-stage
https://www.gov.uk/government/publications/developing-environments-to-help-communication-skills
https://www.gov.uk/government/publications/inspiring-childrens-creativity-with-art
https://www.gov.uk/government/publications/using-child-initiated-learning-in-the-early-years-foundation-stage
https://www.gov.uk/government/publications/early-years-foundation-stage-to-school-transition-project
https://www.gov.uk/government/publications/information-and-communication-technology-is-not-just-computers
https://www.gov.uk/government/publications/a-fully-inclusive-environment-that-enhances-learning
https://www.gov.uk/government/publications/using-a-temporary-environment-to-enable-pre-school-learning
https://www.gov.uk/government/publications/developing-problem-solving-reasoning-and-numeracy-outdoors
https://www.gov.uk/government/publications/supporting-language-development-in-young-children
https://www.gov.uk/government/publications/supporting-childrens-all-round-development-in-nursery
https://www.gov.uk/government/publications/effective-ways-for-success-in-the-early-years-foundation-stage
https://www.gov.uk/government/publications/making-the-most-of-the-local-environment-to-develop-pre-school-learning
https://www.gov.uk/government/publications/promoting-learning-through-languages-in-nurseries
https://www.gov.uk/government/publications/an-innovative-approach-to-observing-and-assessing-learning-and-development
https://www.gov.uk/government/publications/effective-collaboration-to-support-childminders-and-parents
https://www.gov.uk/government/publications/early-years-foundation-stage-framework-until-31-august-2014
https://www.gov.uk/government/publications/the-early-years-foundations-for-life-health-and-learning-an-independent-report-on-the-early-years-foundation-stage-to-her-majestys-government
https://www.gov.uk/government/statistics/eyfsp-attainment-by-pupil-characteristics-2013
https://www.gov.uk/government/statistics/eyfsp-attainment-by-pupil-characteristics-2013-to-2014
https://www.gov.uk/government/statistics/eyfsp-attainment-by-pupil-characteristics-in-england-academic-year-2011-to-2012
https://www.gov.uk/government/statistics/early-years-foundation-stage-profile-attainment-by-pupil-characteristics-academic-year-2010-to-2011
https://www.gov.uk/government/statistics/foundation-stage-profile-attainment-by-pupil-characteristics-england-academic-year-2009-to-2010
https://www.gov.uk/government/publications/developing-young-childrens-communication-and-language-skills
https://www.gov.uk/government/publications/working-with-parents-and-carers-to-enhance-childrens-learning
https://www.gov.uk/government/publications/delivering-early-years-foundation-stage-in-overseas-settings-jsp-819
https://www.gov.uk/government/statistics/early-years-foundation-stage-profile-results-2013-to-2014
https://www.gov.uk/government/publications/early-years-foundation-stage-profile-handbook
https://www.gov.uk/government/statistics/announcements/early-years-foundation-stage-profile-results-2015-to-2016-additional-tables-containing-characteristic-breakdowns
https://www.gov.uk/government/publications/early-years-foundation-stage-assessment-and-reporting-arrangements-ara
https://www.gov.uk/government/publications/early-years-foundation-stage-eyfs
https://www.gov.uk/government/collections/statistics-early-years-foundation-stage-profile
https://www.gov.uk/government/collections/tickell-review-reports
